{"cameraMode":{"drawMode":0,"name":"Shaded","section":"Shading Mode"},"sceneLighting":false,"audioPlay":false,"sceneViewState":{"m_AlwaysRefresh":false,"showFog":true,"showSkybox":false,"showFlares":true,"showImageEffects":true,"showParticleSystems":true,"showVisualEffectGraphs":true,"m_FxEnabled":true},"in2DMode":false,"pivot":{"x":-4.9376020431518559,"y":1.179442286491394,"z":-2.0530405044555666},"rotation":{"x":0.11774398386478424,"y":-0.15043488144874574,"z":0.018048839643597604,"w":0.9814215898513794},"size":9.089807510375977,"orthographic":false}